brewery_key,costs,sales,employees,barrels
1,625658,512980,14,610
2,855129,697191,5,928
3,701641,761966,7,688
4,919679,696871,20,872
5,905004,630836,11,714
6,651855,631149,14,806
7,683299,590017,20,768
8,795343,839305,7,775
9,982467,779102,20,825
10,922723,779763,8,765
11,934726,528213,10,990
12,875893,754057,9,830
13,837517,513554,11,620
14,995064,761855,15,787
15,849339,703438,11,633
16,647770,814499,5,590
17,833708,672852,15,824
18,528797,988500,13,607
19,638594,595871,8,911
20,948109,515805,14,745
21,675438,706353,10,974
22,829133,881774,13,729
23,604568,968056,14,989
24,687056,612454,8,644
25,773666,859417,13,686
26,532576,615630,9,819
27,730708,674438,16,637
28,703329,641266,14,593
29,998566,698762,12,771
30,570784,649679,9,618
31,960879,730726,9,666
32,706452,605089,8,829
33,580306,587468,9,851
34,871893,724624,19,680
35,553526,789296,15,845
36,509296,867345,11,729
37,848157,923291,14,707
38,875518,877172,8,961
39,718398,829863,12,628
40,933913,736491,9,647
41,964305,902104,18,650
42,709080,527591,12,705
43,734102,865315,12,904
44,637326,659623,7,827
45,656472,576313,16,828
46,778838,563744,9,509
47,585671,994180,18,530
48,863361,630394,13,636
49,659141,522375,20,997
50,607996,676495,20,768
51,824802,620830,15,881
52,661939,750401,18,517
53,645880,569091,12,907
54,606641,824873,18,519
55,679617,576908,5,831
56,663981,839517,12,855
57,501542,624042,8,887
58,539387,879786,12,786
59,569989,775444,14,657
60,964882,924387,20,778
61,556803,576950,8,1000
62,879691,600320,10,932
63,558016,699953,10,572
64,765950,949389,7,701
65,818328,760213,11,651
66,944465,934393,5,845
67,838668,879357,20,821
68,646695,978159,17,692
69,780223,782950,12,866
70,890318,602707,15,638
71,574728,882111,6,700
72,607471,923431,5,812
73,697056,605812,14,965
74,786106,652678,6,914
75,904749,921814,9,681
76,802934,626640,12,581
77,843543,771637,12,971
78,570366,891182,18,942
79,701913,871899,18,665
80,652924,817787,7,812
81,586107,914332,17,950
82,763715,588538,14,942
83,884035,506657,5,680
84,915781,560737,10,933
85,512748,778670,20,515
86,587591,915680,15,866
87,667633,887532,19,586
88,772343,530368,17,979
89,650070,665712,8,618
90,989071,988044,11,855
91,841122,970165,9,913
92,924899,692159,20,686
93,688612,584696,13,688
94,913558,903519,15,891
95,710345,886377,13,755
96,601777,756277,11,577
97,554919,811576,17,643
98,954455,999675,17,783
99,507079,874451,10,891
100,774009,812177,7,794
101,881461,595999,20,768
102,760442,895882,19,867
103,641839,728396,5,712
104,768408,818684,14,602
105,663968,977745,14,980
106,649911,591334,15,696
107,615873,617063,18,802
108,631997,556005,14,811
109,745119,788755,19,902
110,746853,930273,13,984
111,825379,608926,7,928
112,806963,638211,5,879
113,882283,873937,15,730
114,646240,508421,11,948
115,919795,546489,7,885
116,959987,784313,8,556
117,953511,734091,5,965
118,740663,501506,8,606
119,939923,688427,17,581
120,710581,742095,9,935
121,838444,837417,15,920
122,612787,801064,7,890
123,946013,909685,15,526
124,637321,686932,11,666
125,907992,614645,11,775
126,630975,705046,7,858
127,642882,910448,10,625
128,864048,868086,7,798
129,538667,568394,14,722
130,576703,781470,19,553
131,758714,822845,15,503
132,547052,627188,8,819
133,743266,725649,10,738
134,893581,675942,8,602
135,924219,696207,19,725
136,987838,976758,15,692
137,630789,821197,13,810
138,988224,547992,18,956
139,735193,864814,13,614
140,725958,971187,7,930
141,536668,519899,18,985
142,761566,942770,8,738
143,874641,825783,12,858
144,727250,503863,5,761
145,870776,598698,16,559
146,608907,567725,18,574
147,998468,527200,19,801
148,831802,961702,17,675
149,664618,904785,9,750
150,871354,772439,18,597
151,906343,673237,5,564
152,947048,774701,5,762
153,579739,841566,15,753
154,500569,508831,8,879
155,552309,513749,20,961
156,739455,508924,10,600
157,804608,609830,11,933
158,840360,847356,14,623
159,634183,510233,8,685
160,698037,661270,15,664
161,738609,512762,5,626
162,952596,628166,7,954
163,824268,554639,5,928
164,594617,697650,16,808
165,865602,672256,11,580
166,920663,565747,15,941
167,588459,524952,14,713
168,808273,729831,12,805
169,635152,889776,7,830
170,558967,803950,13,955
171,765876,653723,10,745
172,666140,720739,5,992
173,987085,920452,10,865
174,769499,883314,14,954
175,839039,695414,17,645
176,879964,896818,19,867
177,753778,757456,15,829
178,540305,797116,19,570
179,543274,979427,14,659
180,717493,592711,11,750
181,816847,631627,12,505
182,635353,753891,11,650
183,927797,839906,12,966
184,579491,560355,9,850
185,512681,651995,8,733
186,945736,807075,19,826
187,899336,839822,16,567
188,605930,991155,12,751
189,726927,823052,17,856
190,592617,549069,19,518
191,523145,519685,17,703
192,559558,869477,19,921
193,602230,875066,15,850
194,840663,928162,12,754
195,736651,567851,11,506
196,615909,901400,10,994
197,889445,752072,7,536
198,750072,812205,19,900
199,736242,650564,6,946
200,630060,711917,9,925
201,825479,663512,14,889
202,552721,509570,8,720
203,576044,670424,10,629
204,649785,528430,19,938
205,598214,772172,14,913
206,706642,894997,10,660
207,905487,618165,14,652
208,724350,917920,20,822
209,727254,806450,11,546
210,983944,593022,12,866
211,644148,709736,18,903
212,593391,823056,14,586
213,612865,540283,13,883
214,827650,715797,10,877
215,548564,749519,15,501
216,753579,766708,12,828
217,861773,815103,6,506
218,688379,755428,5,738
219,722279,724217,17,644
220,568718,903133,14,723
221,601950,565680,7,794
222,713119,721897,16,995
223,932176,976980,18,923
224,800740,518324,8,905
225,639053,707755,16,821
226,751688,727529,16,537
227,629970,691192,10,937
228,982975,761857,13,893
229,628575,911155,6,865
230,634040,907880,9,704
231,513017,659949,10,878
232,821105,641240,11,720
233,813107,678632,6,731
234,516958,922826,18,889
235,529401,915491,10,668
236,564832,616346,14,882
237,859669,972281,8,648
238,502037,759581,17,900
239,724702,578767,12,516
240,767253,924311,12,600
241,811675,791934,12,646
242,687018,948099,8,637
243,963513,598782,15,721
244,946302,794788,7,837
245,936847,835000,17,802
246,551879,647369,15,979
247,527560,623429,9,845
248,946424,743791,12,682
249,819790,733218,6,743
250,538766,679574,10,871
251,625162,715690,13,621
252,683564,696283,14,576
253,869860,674880,12,726
254,717155,739990,6,779
255,954575,758248,19,934
256,841627,672705,15,788
257,759768,949113,18,812
258,652432,606897,7,770
259,860586,579806,20,852
260,672016,641459,18,740
261,769847,548616,5,818
262,715537,931797,18,819
263,751683,752606,8,982
264,809966,535267,8,570
265,542308,741352,8,733
266,510130,932212,13,903
267,567876,537896,15,870
268,617117,838400,12,904
269,547977,750969,12,766
270,890492,778021,7,628
271,719279,795474,20,865
272,679809,654924,17,738
273,996178,988205,11,666
274,876561,724505,13,792
275,596984,935824,14,842
276,733825,605646,6,981
277,910906,973679,6,747
278,737990,604379,11,696
279,993236,628941,16,594
280,995834,576974,8,929
281,900146,513968,5,699
282,590734,559991,10,545
283,615122,696896,5,593
284,732942,899659,20,884
285,578501,843444,20,673
286,599085,755147,14,524
287,971234,863748,8,576
288,536732,773890,18,630
289,954987,828620,20,781
290,930428,825501,12,566
291,580664,551083,19,780
292,702040,663171,18,982
293,762132,963431,10,501
294,862969,718108,20,646
295,557220,609576,13,676
296,939856,562871,14,989
297,691660,822066,6,795
298,744919,645206,5,798
299,700261,916343,13,978
300,598247,802264,12,694
301,577943,876199,7,970
302,783958,601977,19,822
303,585526,713782,10,684
304,738568,924564,9,689
305,921619,561867,16,616
306,917481,629333,6,580
307,721937,921647,10,903
308,527154,880591,8,754
309,893594,957234,18,732
310,877471,727195,8,729
311,919064,954744,13,546
312,502751,592240,10,795
313,782064,737607,18,998
314,564589,996156,7,797
315,509479,956737,12,546
316,579557,805877,18,895
317,766853,887022,12,682
318,502930,701418,7,901
319,561740,598346,11,551
320,799615,986049,16,658
321,833981,882306,20,619
322,528856,722938,14,742
323,798481,954013,12,791
324,669336,719847,17,724
325,503026,887491,11,685
326,614356,671073,5,942
327,939141,858873,11,565
328,784372,948995,5,735
329,899864,614182,13,621
330,843509,972497,16,908
331,625873,721427,19,699
332,913207,589726,10,545
333,934469,772319,19,931
334,889160,692931,14,938
335,936687,563205,7,926
336,897834,700779,6,721
337,651272,784566,9,678
338,630625,802470,8,748
339,559424,773311,10,580
340,581479,714779,17,981
341,841586,937270,11,953
342,971103,744973,10,935
343,900410,696158,8,792
344,762213,752644,13,707
345,847928,695552,8,612
346,614142,589193,6,822
347,743785,546156,10,961
348,630035,901941,13,708
349,720389,524415,7,565
350,899749,504459,12,509
351,607748,999471,16,768
352,724362,789579,19,879
353,753589,824443,20,726
354,596036,624327,7,902
355,829216,861053,11,614
356,812952,734201,18,728
357,694387,674622,9,702
358,528976,797623,11,779
359,596945,524975,18,726
360,708852,628417,10,814
361,680155,816600,20,615
362,955962,891737,16,648
363,515475,575813,8,785
364,815655,580325,13,913
365,765897,890112,20,516
366,779152,789866,5,895
367,639261,961579,10,841
368,993207,847948,12,845
369,771835,934773,11,981
370,698976,957280,12,599
371,807777,720471,20,629
372,858371,648677,9,736
373,989235,956911,7,643
374,814272,795946,14,904
375,743033,747084,20,801
376,605294,899139,8,622
377,823284,779755,19,501
378,898501,618662,19,605
379,982412,728773,15,817
380,863429,604943,17,702
381,862171,591058,14,614
382,568554,594883,10,690
383,502043,818587,18,631
384,871099,715288,13,938
385,626421,527258,8,746
386,692707,663964,12,749
387,644421,956203,12,754
388,883930,593346,17,738
389,987942,560762,14,955
390,700094,773878,9,508
391,991281,895047,19,714
392,565358,574011,11,746
393,828578,515314,8,806
394,868141,832368,18,872
395,880706,892129,14,593
396,847944,852372,13,788
397,817046,894795,8,865
398,719680,835973,11,536
399,625093,661884,6,808
400,932569,681832,6,726
401,719494,816976,7,820
402,850761,906997,17,622
403,975598,557669,9,563
404,959826,738693,19,855
405,869492,798120,7,783
406,753752,710694,16,864
407,531903,841901,12,918
408,728730,883558,9,993
409,726854,546235,17,972
410,762935,545507,14,928
411,831501,984275,11,538
412,972401,566136,13,723
413,675009,761128,16,613
414,833192,855137,15,644
415,786864,912598,14,931
416,696782,881074,9,760
417,768935,508101,19,800
418,847519,650080,5,555
419,504421,822783,15,736
420,659112,716891,15,846
421,570937,686916,20,552
422,780364,550114,6,785
423,602731,896159,11,860
424,930961,549327,10,563
425,785092,667557,12,975
426,871880,963121,18,751
427,848775,999261,14,539
428,722523,544763,15,570
429,944279,565174,16,910
430,829258,665991,10,569
431,675291,769703,8,907
432,644508,945829,10,639
433,809806,776306,13,715
434,656930,504888,15,833
435,767230,502324,16,607
436,805087,737194,17,506
437,559285,549852,11,632
438,894887,575066,20,947
439,908666,563483,11,653
440,805630,870694,14,769
441,839237,782576,6,887
442,889332,516969,15,766
443,929920,651852,7,817
444,599448,565531,8,990
445,896230,998839,8,857
446,981963,533681,13,628
447,845825,606794,10,514
448,592242,922152,15,579
449,686502,637023,7,861
450,860967,619519,13,753
451,962601,913800,13,729
452,891283,976754,16,702
453,607629,753794,16,722
454,614731,532704,13,565
455,653943,559280,11,536
456,761634,949967,7,985
457,886392,813118,18,640
458,715693,975034,7,964
459,668612,640606,20,930
460,963321,731628,9,509
461,777005,619854,17,550
462,542975,667624,14,784
463,884530,793631,14,556
464,886642,641914,9,887
465,878163,631246,16,568
466,784418,661302,10,592
467,628961,636836,15,808
468,846694,696697,15,542
469,509383,871309,11,767
470,786999,780735,5,761
471,813700,676771,15,806
472,734498,967638,5,592
473,613760,616088,16,522
474,584209,979833,16,664
475,627288,900268,13,851
476,762066,919792,9,577
477,975084,945535,12,573
478,847111,847781,7,809
479,591319,822229,8,550
480,511654,750690,20,885
481,812597,969844,7,619
482,987459,917699,12,654
483,976873,861416,11,948
484,535272,816035,13,764
485,775481,782828,8,500
486,531713,993889,5,820
487,589658,720400,19,951
488,719973,619497,6,632
489,597028,598036,7,793
490,869305,845000,17,920
491,958708,997814,13,802
492,596774,775525,20,935
493,970733,760127,18,671
494,644265,815313,18,897
495,758576,881595,11,741
496,949129,961479,8,858
497,711195,798263,17,955
498,598618,918122,6,781
499,887714,682882,10,999
500,564761,854379,18,925
501,737561,930351,12,807
502,878763,680454,6,809
503,922576,967933,14,538
504,983888,955728,13,928
505,907052,775149,19,774
506,763001,746479,18,515
507,964171,932689,19,906
508,918836,606195,18,913
509,693016,772981,10,917
510,749381,903496,15,661
511,522523,916506,9,641
512,607192,866679,12,902
513,940086,911417,16,657
514,744244,986014,10,871
515,625409,841772,10,887
516,525362,798289,6,999
517,556083,838883,10,964
518,886808,540104,15,749
519,652390,527248,13,966
520,768604,760761,17,816
521,533524,592682,5,750
522,742485,986892,10,734
523,607479,902938,8,791
524,515971,705375,10,808
525,701055,729755,9,706
526,816239,734978,12,630
527,858025,663176,16,869
528,525969,513691,7,648
529,763111,879925,14,741
530,853653,882905,5,633
531,556212,747319,12,644
532,910494,906203,11,571
533,521830,833660,5,887
534,826921,854059,10,612
535,878423,883415,6,772
536,807858,524836,5,774
537,804070,557710,10,510
538,551372,559540,16,944
539,881788,882823,17,657
540,838943,589499,19,825
541,765378,826863,7,544
542,993490,701938,13,994
543,870417,675739,14,990
544,886521,928549,9,820
545,527142,729435,9,626
546,991292,594650,20,664
547,837612,717326,17,539
548,910408,536422,20,716
549,591205,538911,5,502
550,959304,827725,16,725
551,748975,721535,9,584
552,741198,667194,17,522
553,863809,926690,19,915
554,808756,750605,8,908
555,929037,892870,7,660
556,542646,892589,11,894
557,837919,507343,9,547
558,901680,720601,11,911
559,852184,565996,14,932
560,664372,600579,10,907
561,731536,770344,17,842
562,512633,945099,15,658
563,568908,517482,7,938
564,989384,574163,9,813
565,751497,955489,20,798
566,553208,965880,14,542
567,850950,684094,5,545
568,922686,923639,15,620
569,692172,964057,13,840
570,933635,829754,12,702
571,635076,864175,6,760
572,674324,598581,6,576
573,503157,573676,13,899
574,728227,588573,17,525
575,850862,990541,8,802
576,890899,640482,14,537
577,588731,738399,19,881
578,902144,600549,18,560
579,677101,538302,16,782
580,757393,979030,8,843
581,798067,650261,7,568
582,968580,540813,9,875
583,775365,576287,5,879
584,918893,578801,7,827
585,680057,622407,12,542
586,609685,901473,15,586
587,959078,829721,9,705
588,866571,866468,17,754
589,864543,502846,18,797
590,819165,601929,16,556
591,829675,604871,10,782
592,869966,694538,15,851
593,907383,524536,10,872
594,642137,509944,12,924
595,711500,511626,9,846
596,927424,597776,8,766
597,644609,865306,13,611
598,631913,802558,17,636
599,671222,861979,12,936
600,718443,987344,10,785
601,972177,900760,17,642
602,588633,802181,19,998
603,677134,946509,20,977
604,971929,761879,20,512
605,536633,577729,7,739
606,922632,800029,19,955
607,708229,509582,11,826
608,835397,770352,15,540
609,544332,541890,10,753
610,914343,823175,6,854
611,848530,545639,10,844
612,742842,939293,7,568
613,923373,808358,10,603
614,624542,747274,18,752
615,533416,962015,6,682
616,561023,930221,13,665
617,774774,898785,9,632
618,816505,989220,18,950
619,675495,691546,5,871
620,692130,947072,19,701
621,917036,659839,7,778
622,917610,583547,7,595
623,745059,510306,12,829
624,698597,575356,8,653
625,670452,926084,16,996
626,983642,571506,17,816
627,632039,500238,18,902
628,579024,605232,18,836
629,786159,505916,5,736
630,780247,760291,5,714
631,606616,644530,15,966
632,606820,872041,10,898
633,692357,756982,13,774
634,649269,727179,18,683
635,682335,786435,20,765
636,897085,606813,11,650
637,601096,541169,19,861
638,839327,564035,19,643
639,617707,676881,13,824
640,736372,715330,9,969
641,719006,993450,5,548
642,877890,917344,15,658
643,543000,604349,17,915
644,530658,859936,6,559
645,661696,625415,11,969
646,956040,546067,10,961
647,510807,542975,18,610
648,702174,615132,5,818
649,707003,715498,19,644
650,579439,954123,20,639
651,661492,959396,6,781
652,859758,599729,8,867
653,781376,838112,10,597
654,514031,994914,5,863
655,585134,723553,5,808
656,502460,931646,17,773
657,527124,843853,14,978
658,679329,751993,20,725
659,985984,603098,16,681
660,891179,854458,20,758
661,541373,853487,16,823
662,910705,779769,12,932
663,583106,830076,11,551
664,947158,766223,19,509
665,874307,695372,10,913
666,769558,686091,20,775
667,507701,596112,13,957
668,693130,927697,10,598
669,974908,609217,19,589
670,554871,656480,6,766
671,814997,739243,10,641
672,659048,996916,10,538
673,595034,944247,7,651
674,839346,638662,16,732
675,529016,561359,19,543
676,710695,832772,13,894
677,792074,976786,8,783
678,680504,540744,13,782
679,940422,538172,11,950
680,713200,567372,20,897
681,726118,775567,18,699
682,677990,976623,18,665
683,967404,696994,13,667
684,542704,829684,17,888
685,831471,609587,15,768
686,813804,557825,15,870
687,802978,708857,6,678
688,872474,944378,12,667
689,874708,992156,12,853
690,935943,684495,11,526
691,516348,619897,18,688
692,806588,791752,10,958
693,896998,997381,18,623
694,869845,997997,18,828
695,610408,966571,10,508
696,750032,835718,7,615
697,814397,568850,16,666
698,748674,521180,5,870
699,644508,794367,15,600
700,835945,501284,5,978
701,692982,890174,19,928
702,596249,817723,16,963
703,931570,610438,7,984
704,787850,768943,12,755
705,775435,960428,6,587
706,773298,930695,13,858
707,605310,895842,20,706
708,539080,613457,19,771
709,716944,792272,14,617
710,995389,829391,9,864
711,838726,654938,6,717
712,867531,814063,15,829
713,862826,783431,6,973
714,896242,593631,9,701
715,876358,899253,12,504
716,826805,931563,10,773
717,500612,983222,8,841
718,649192,645045,13,682
719,940420,690940,10,874
720,571529,632513,5,999
721,651550,616804,19,799
722,890544,626794,20,1000
723,761343,502260,12,573
724,714004,637060,10,682
725,513327,861362,17,824
726,675815,903699,12,635
727,988331,738634,19,548
728,562682,699384,11,867
729,904625,699597,9,962
730,746419,722227,11,956
731,808710,619750,13,748
732,851067,811660,20,851
733,841627,991001,10,956
734,632742,990133,12,586
735,687375,691150,8,689
736,702193,839152,12,878
737,915808,588829,7,890
738,743070,672451,20,689
739,737870,975089,13,540
740,933788,596746,15,869
741,803214,989166,16,586
742,509860,825023,11,627
743,718804,586526,20,562
744,579823,905210,9,804
745,671644,752998,20,627
746,812947,984117,17,928
747,525942,623530,12,824
748,700151,681674,10,760
749,779024,778061,17,727
750,572441,828218,10,539
751,573854,853170,18,517
752,853502,522716,14,627
753,833990,747497,19,955
754,517092,635907,19,611
755,731875,700715,14,804
756,700541,569857,7,773
757,798837,642844,7,519
758,797449,746157,19,869
759,739212,723795,19,897
760,727473,610743,18,953
761,935423,547257,18,846
762,528755,772189,5,603
763,928275,706532,15,634
764,691085,774289,5,694
765,919427,514497,17,636
766,628536,501198,18,646
767,721260,658395,5,885
768,877099,937629,11,596
769,548314,877326,5,852
770,819057,983536,19,818
771,694163,680235,17,801
772,591270,714305,15,765
773,956539,708403,15,676
774,860963,812630,16,521
775,682762,504715,11,536
776,859302,909821,14,819
777,693610,961750,20,613
778,807329,515146,19,547
779,773179,916259,11,615
780,545887,526529,6,659
781,673495,995443,5,713
782,594370,889803,14,533
783,967952,847700,12,666
784,614235,543758,17,544
785,813152,664450,15,655
786,903421,626331,11,981
787,700809,924152,8,829
788,578633,771693,9,792
789,767168,794044,15,629
790,575180,953371,10,670
791,760017,796694,12,879
792,902301,628356,18,524
793,551165,905609,7,836
794,727138,636764,12,711
795,507323,861114,8,780
796,971111,746803,20,693
797,773206,747152,11,725
798,615282,560585,7,617
799,776992,969003,16,770
800,862268,530770,16,887
801,860579,560609,15,580
802,940139,684721,9,789
803,851331,565076,6,525
804,926198,798903,9,525
805,730937,779295,7,967
806,830947,749157,8,741
807,716104,660153,13,680
808,675121,865232,18,746
809,710323,859758,17,817
810,660022,759773,11,685
811,817440,942381,17,688
812,653102,868371,9,687
813,646454,811519,16,689
814,799238,985077,19,771
815,504060,802387,9,793
816,631076,757023,12,917
817,590912,949702,13,622
818,835043,642598,16,746
819,908850,503456,11,739
820,672298,826461,11,659
821,640636,960631,12,799
822,899568,527442,9,947
823,961323,564405,10,940
824,559354,705402,7,651
825,697697,853501,10,624
826,914426,759818,13,712
827,827987,763089,15,520
828,838727,565785,19,704
829,944121,798249,12,902
830,625790,593679,20,793
831,890287,661680,18,687
832,841962,852677,8,879
833,515039,951413,6,713
834,959592,519722,9,825
835,832166,514881,12,878
836,594516,566126,18,844
837,531520,841120,18,699
838,977389,711109,6,542
839,771618,601338,11,982
840,994194,666190,8,970
841,945099,549177,12,866
842,736760,603937,19,783
843,778991,933347,18,673
844,899506,920330,10,936
845,740984,863991,6,810
846,785121,977153,8,968
847,806259,508143,10,815
848,547448,735688,19,957
849,979989,685825,12,839
850,749143,984707,5,793
851,701388,986393,18,859
852,548061,634440,9,663
853,682941,845053,20,524
854,816590,553844,17,665
855,590800,758047,8,537
856,623525,889120,19,625
857,671727,698463,15,972
858,506471,979638,6,641
859,796455,848189,17,854
860,859677,936479,15,810
861,732441,637290,6,526
862,928317,858622,7,898
863,917718,543832,15,706
864,942269,993322,5,783
865,743440,633574,13,560
866,569643,848296,7,623
867,569632,646655,6,991
868,956689,629674,10,543
869,524024,929197,11,890
870,562888,579406,13,836
871,693793,558547,9,660
872,803763,651978,16,995
873,990515,937752,18,612
874,914365,676172,17,808
875,768973,911187,8,803
876,801154,695334,7,974
877,863282,779428,10,935
878,690876,815741,7,524
879,615184,717835,18,714
880,947372,957020,17,784
881,722150,586029,19,675
882,681234,813118,5,649
883,617318,734917,6,809
884,799505,744510,10,663
885,542711,596794,12,725
886,781196,550201,14,907
887,932579,798194,9,635
888,684739,913083,20,501
889,671664,588216,17,777
890,986632,960582,16,910
891,851298,543130,11,918
892,693552,562052,20,939
893,515473,738571,13,569
894,966181,783737,12,610
895,536386,812922,17,730
896,555264,729633,12,961
897,550684,715429,14,789
898,908356,674445,20,838
899,504624,638504,15,845
900,944207,892286,6,837
901,523652,533681,19,643
902,885079,653625,6,760
903,676581,843456,15,634
904,556549,768627,5,811
905,936959,678356,18,518
906,923122,668496,10,974
907,526082,928951,11,982
908,604255,918188,8,788
909,952124,546907,6,636
910,642201,870416,11,996
911,500327,635283,18,680
912,775088,623376,9,883
913,879162,804902,18,920
914,781022,737221,18,525
915,985907,555836,16,826
916,978831,640213,7,650
917,915856,701955,18,790
918,782200,980325,8,608
919,837340,674961,17,517
920,623064,594306,8,786
921,841940,916105,18,771
922,824791,644650,18,707
923,840477,806579,18,549
924,700034,662607,13,521
925,536824,804584,10,999
926,974681,658104,10,696
927,795008,838726,9,874
928,882794,511265,5,964
929,547419,802197,9,672
930,847853,558670,18,674
931,531301,903719,15,803
932,833646,908468,6,992
933,815467,777284,13,854
934,873407,578835,10,946
935,616231,749696,5,647
936,954815,692412,7,608
937,838939,977095,14,636
938,953066,707809,6,967
939,944219,734888,5,822
940,989877,884803,10,717
941,735493,915706,6,988
942,876939,531801,18,567
943,951615,974422,19,565
944,517137,817223,7,771
945,795195,748858,13,525
946,667156,540617,14,869
947,633917,502712,6,604
948,641530,984845,20,660
949,927608,545798,10,563
950,754958,586321,11,974
951,786210,987604,14,859
952,810920,503407,5,871
953,606215,586047,12,548
954,678260,771144,5,513
955,510170,791324,7,969
956,828625,846974,13,501
957,691934,520904,9,818
958,724076,779502,5,599
959,688439,893674,12,671
960,523840,899987,5,529
961,562114,664354,10,513
962,835698,861680,15,593
963,805133,538447,13,580
964,635557,724312,5,560
965,898924,977367,8,898
966,658713,763678,13,537
967,830704,576246,15,953
968,504538,960609,10,559
969,704101,946125,11,883
970,903824,843410,9,529
971,603937,865082,18,507
972,952698,816246,8,844
973,566940,719141,10,937
974,768203,656042,18,817
975,632813,709026,5,629
976,867803,858240,11,695
977,738224,727292,8,836
978,576383,950644,6,968
979,606788,647517,12,958
980,918478,833910,17,933
981,845119,535436,20,824
982,661059,991530,15,522
983,797890,849003,5,850
984,517368,872788,7,826
985,517335,828058,16,762
986,943712,523329,7,869
987,894496,741856,10,888
988,744726,612161,19,932
989,587690,918918,18,617
990,784508,717873,5,933
991,965638,998708,10,669
992,555581,603244,5,925
993,786035,541335,14,890
994,939019,903274,16,811
995,681725,752595,9,943
996,914914,633902,8,626
997,870673,619974,14,975
998,705957,820310,6,872
999,953457,661717,6,816
1000,572150,646343,16,910
1001,786806,501169,15,651
1002,619724,574479,12,939
1003,512122,976960,9,618
1004,951578,835888,13,855
1005,898211,840152,14,770
1006,532919,693609,15,715
1007,582115,558954,7,891
1008,637006,565344,11,550
1009,976183,587803,8,977
1010,871066,806879,18,521
1011,604761,925925,15,575
1012,519333,698845,20,845
1013,712714,982192,11,526
1014,676316,952643,11,817
1015,872704,563053,19,633
1016,943003,945796,11,777
1017,725317,562921,7,650
1018,826269,589445,12,776
1019,861928,653274,14,722
1020,618086,858504,7,681
1021,779296,830762,7,937
1022,967821,800764,13,848
1023,830644,715351,6,681
1024,547627,565046,17,905
1025,962998,517841,5,814
1026,974937,929708,18,528
1027,845318,952253,19,542
1028,551987,860333,14,823
1029,960735,962053,11,749
1030,929763,687749,7,523
1031,765395,820073,11,861
1032,828194,943612,9,669
1033,986246,954345,8,708
1034,703412,624242,14,641
1035,689381,689474,15,826
1036,828725,900307,16,916
1037,801454,954040,7,721
1038,936678,697075,11,604
1039,840435,978341,12,859
1040,506076,839284,9,581
1041,567899,504681,10,518
1042,698667,977413,7,635
1043,753410,648986,7,749
1044,592365,637476,5,984
1045,899840,509240,5,773
1046,838940,828532,18,839
1047,817315,900438,10,654
1048,630496,758950,9,731
1049,830485,662260,15,808
1050,986942,967366,10,730
1051,763471,747428,17,871
1052,922852,638765,16,619
1053,923777,919424,14,729
1054,750721,874025,8,799
1055,615299,911557,18,582
1056,781556,784474,9,827
1057,524563,895304,13,954
1058,553160,552589,17,614
1059,641762,666748,6,755
1060,992958,644910,7,646
1061,523896,510814,17,664
1062,834868,960587,7,818
1063,549769,781677,15,814
1064,575899,750947,20,765
1065,745178,578257,7,998
1066,798616,788713,8,654
1067,678047,677509,10,917
1068,596060,781330,12,918
1069,606786,621556,18,637
1070,699562,766635,19,510
1071,903932,758159,9,734
1072,716757,818028,13,818
1073,929796,661748,9,824
1074,612169,576657,10,986
1075,749097,891729,7,919
1076,529308,961401,18,673
1077,591788,987451,6,661
1078,686771,821816,10,652
1079,837340,939287,19,979
1080,656154,917087,5,587
1081,976888,512310,11,740
1082,755877,682569,17,800
1083,728455,728471,6,677
1084,651588,971282,19,930
1085,585276,714132,12,608
1086,977087,698199,6,715
1087,506106,736971,19,754
1088,616593,887120,12,987
1089,848739,654651,7,972
1090,977867,906848,16,689
1091,845228,555994,15,695
1092,523769,786277,18,929
1093,731994,984079,9,800
1094,982938,503644,19,706
1095,939979,694171,13,837
1096,663880,906329,20,634
1097,820639,831176,8,765
1098,844226,806895,11,794
1099,839870,767966,5,815
1100,764998,948048,7,755
1101,690280,665265,12,513
1102,637259,692876,13,927
1103,862665,764377,5,839
1104,915572,556185,20,872
1105,635518,525534,16,992
1106,935495,918568,13,637
1107,702689,665389,18,580
1108,751250,864583,14,684
1109,554865,771559,8,924
1110,638034,573878,5,845
1111,921948,780919,20,662
1112,917281,662245,19,994
1113,571721,998252,17,639
1114,688238,650135,18,854
1115,936170,814845,7,783
1116,827611,502506,20,726
1117,540533,920862,16,811
1118,677592,564384,16,533
1119,752288,625059,15,716
1120,801169,837773,9,621
1121,771247,781660,19,801
1122,719713,772618,10,705
1123,878456,655895,5,931
1124,666548,923893,11,803
1125,867503,768053,10,953
1126,581620,747271,9,907
1127,772070,877436,9,915
1128,957526,974422,14,675
1129,519778,830644,9,995
1130,711506,824388,12,591
1131,851836,805157,9,984
1132,745249,988241,10,976
1133,518908,618206,7,727
1134,978697,831378,19,780
1135,983496,923932,11,573
1136,522614,834379,6,749
1137,820926,637046,18,793
1138,632098,798501,14,623
1139,897991,684253,15,912
1140,511080,865904,19,781
1141,516466,835634,9,808
1142,548269,967910,15,545
1143,847434,691522,18,642
1144,881724,639948,16,504
1145,551530,646873,10,725
1146,557787,515553,13,517
1147,825993,714878,10,779
1148,500828,668936,14,661
1149,677421,771575,9,829
1150,802916,827115,12,721
1151,937309,633413,5,583
1152,678895,958526,8,971
1153,639484,677236,12,718
1154,868598,751162,11,933
1155,801436,917942,16,964
1156,908185,925428,6,967
1157,855963,649713,18,925
1158,683580,752686,7,738
1159,572166,690941,14,934
1160,905595,502817,16,882
1161,771694,975822,15,986
1162,751684,696849,6,577
1163,626217,520456,8,508
1164,835782,887856,19,747
1165,910340,815412,18,920
1166,747643,966397,12,644
1167,809613,801330,19,944
1168,597094,697784,16,659
1169,625488,798727,15,815
1170,956874,708414,16,847
1171,726576,779514,19,915
1172,861169,726005,16,504
1173,616641,706180,18,576
1174,567604,674491,5,501
1175,979948,764484,11,684
1176,672670,720062,18,969
1177,833532,781230,20,598
1178,760008,720535,13,804
1179,778657,734833,10,901
1180,936824,839495,10,621
1181,996670,942877,6,676
1182,880626,974029,14,745
1183,996330,972755,11,931
1184,630812,581778,11,850
1185,892898,850378,14,683
1186,733586,998899,18,541
1187,557635,600629,20,793
1188,554616,933353,14,557
1189,835385,870163,19,740
1190,685399,946546,15,507
1191,540151,988884,20,538
1192,837410,546196,13,820
1193,781224,700236,7,760
1194,910690,668141,15,778
1195,674330,739870,20,540
1196,696273,941746,6,838
1197,751615,976659,11,684
1198,650502,502319,20,526
1199,837959,598782,11,569
1200,868121,681657,6,593
1201,709683,628145,9,575
1202,751724,578348,8,888
1203,861032,560783,8,879
1204,531254,707705,18,694
1205,886369,929608,15,760
1206,919782,522761,15,514
1207,841667,560007,6,932
1208,639156,527638,10,860
1209,932618,894215,11,719
1210,943585,692998,18,568
1211,767163,629716,17,1000
1212,885091,876099,17,784
1213,922652,621690,8,515
1214,539801,778923,14,623
1215,652893,817309,15,847
1216,774071,953749,6,756
1217,988562,591266,5,532
1218,656705,540732,18,598
1219,710367,626344,8,604
1220,731383,832768,7,513
1221,911196,635687,6,642
1222,622898,796041,15,690
1223,970704,664138,13,978
1224,518380,674605,7,941
1225,941034,898650,17,931
1226,582832,823174,16,561
1227,525954,726581,12,668
1228,624462,804394,10,928
1229,839809,516821,15,620
1230,665591,837887,9,520
1231,930807,773582,18,796
1232,820547,833193,17,995
1233,523802,989084,12,687
1234,910013,907293,17,558
1235,791040,805718,17,962
1236,511742,774320,7,779
1237,527892,663488,17,631
1238,507997,649437,20,868
1239,599001,583133,16,966
1240,806971,975216,16,501
1241,854426,925858,9,808
1242,934822,649657,16,601
1243,993715,703373,18,993
1244,862633,701452,8,877
1245,825728,676361,8,926
1246,564460,813259,16,623
1247,793053,996687,18,760
1248,904839,565762,11,712
1249,863832,753356,16,616
1250,829421,618607,7,814
1251,842852,768455,6,882
1252,801301,954224,9,724
1253,514489,893020,12,949
1254,932241,535808,5,647
1255,800338,865921,13,960
1256,503668,786991,7,805
1257,774970,791074,15,738
1258,735746,665545,18,768
1259,626161,718612,7,694
1260,501298,756094,11,716
1261,909831,775675,20,772
1262,545557,984834,7,817
1263,772144,601622,9,958
1264,908614,688512,16,806
1265,629262,944725,17,909
1266,585955,722646,19,588
1267,928089,638251,14,783
1268,998343,871060,12,893
1269,723102,945918,15,815
1270,513161,845705,11,923
1271,527090,584275,17,661
1272,619785,803868,10,821
1273,522641,679664,7,859
1274,665129,526122,13,838
1275,505112,661267,9,830
1276,764829,832731,19,833
1277,520898,757313,15,594
1278,874041,924761,5,550
1279,724815,816930,13,845
1280,667985,827432,18,527
1281,756569,514423,15,679
1282,889155,726301,15,722
1283,835218,925587,6,938
1284,880791,792441,18,835
1285,834867,696283,11,561
1286,964879,758980,14,798
1287,784690,655331,15,859
1288,782910,818877,12,833
1289,672205,966433,7,641
1290,699334,593954,18,953
1291,511192,958659,12,838
1292,651637,926551,16,947
1293,552830,959107,6,929
1294,577610,747192,9,976
1295,540523,713316,5,685
1296,523067,518546,15,700
1297,687758,710546,13,937
1298,990905,500027,7,552
1299,962101,977298,15,586
1300,905759,670843,5,702
1301,870358,546304,18,530
1302,889366,984083,11,766
1303,725563,726980,16,866
1304,943131,961435,8,942
1305,920839,884891,9,775
1306,723247,963524,11,871
1307,568785,605127,9,788
1308,677131,718131,7,607
1309,905778,948680,17,519
1310,790162,776292,14,973
1311,521500,527003,11,860
1312,634781,979331,6,609
1313,949996,866134,9,935
1314,736453,812282,17,900
1315,719613,588975,9,847
1316,720710,527750,16,965
1317,923033,665384,9,541
1318,669676,642223,11,715
1319,772165,511919,5,571
1320,671962,940745,11,561
1321,628309,564449,14,735
1322,822238,691526,9,561
1323,534869,807446,6,736
1324,715704,941143,9,653
1325,722872,614232,9,574
1326,690417,800834,18,629
1327,510569,824042,8,544
1328,868000,836449,5,942
1329,655176,594578,20,537
1330,804084,773007,12,549
1331,999561,681235,20,936
1332,622881,782709,6,994
1333,763919,733670,14,911
1334,639118,855592,11,620
1335,611960,834505,18,993
1336,536298,893756,8,584
1337,500886,960358,8,622
1338,779112,892990,11,928
1339,894510,698995,15,660
1340,891900,745460,17,661
1341,554889,798366,11,958
1342,801084,987498,17,919
1343,777228,947374,5,995
1344,711407,691768,9,522
1345,819313,729433,18,553
1346,576178,519542,14,969
1347,623247,868454,20,675
1348,941767,654654,11,832
1349,753723,906031,17,869
1350,512709,617512,13,629
1351,754841,674159,16,546
1352,786411,606616,19,771
1353,888990,789811,14,885
1354,743267,606724,14,509
1355,961850,659262,17,540
1356,765101,762851,15,529
1357,751509,929025,10,929
1358,980407,812742,15,633
1359,633343,583416,12,554
1360,617726,868672,16,708
1361,635702,593295,7,612
1362,610877,587403,14,779
1363,927550,831009,14,855
1364,720063,979546,13,540
1365,761685,877155,9,835
1366,615820,998247,12,728
1367,918350,689739,18,827
1368,664191,785685,17,571
1369,568491,619573,13,801
1370,787659,999531,5,713
1371,896347,874577,9,939
1372,873328,636851,5,523
1373,847316,927275,19,841
1374,889965,511515,15,724
1375,748566,669360,15,879
1376,725808,505365,7,724
1377,523838,673958,9,665
1378,755582,533939,13,715
1379,882306,758427,10,524
1380,650892,565351,19,802
1381,905941,977532,10,830
1382,819504,981035,19,752
1383,608363,559464,17,610
1384,710224,852835,11,904
1385,990143,651307,16,531
1386,866618,627635,20,702
1387,591417,593917,12,760
1388,541204,847513,14,563
1389,523079,619989,6,524
1390,900862,779176,11,655
1391,968619,844538,13,543
1392,768169,706576,20,908
1393,647684,895687,17,654
1394,790838,688825,6,763
1395,511489,626458,14,828
1396,710062,614001,12,517
1397,982155,555608,18,717
1398,887101,669168,14,527
1399,907036,822632,11,656
1400,736822,854587,5,633
1401,735718,730335,11,875
1402,636638,728132,12,516
1403,777809,933278,18,883
1404,663697,624622,8,782
1405,819621,752949,13,764
1406,969078,873511,10,864
1407,857895,851292,14,655
1408,841157,881618,12,755
1409,640089,792957,15,841
1410,748921,952564,19,893
1411,811387,710788,10,768
1412,706605,750151,18,887
1413,925060,772434,5,701
1414,903566,963650,8,635
1415,885939,927837,20,796
1416,707189,719446,12,556
1417,527306,653320,8,825
1418,657567,558702,16,607
1419,569182,632767,12,807
1420,989908,747857,17,720
1421,982124,894514,12,800
1422,773159,911160,9,766
1423,728809,905148,16,950
1424,797106,863193,12,535
1425,924399,826309,6,623
1426,757566,544802,13,972
1427,544400,585570,8,638
1428,973801,880053,19,892
1429,500345,938409,16,742
1430,777700,965274,8,901
1431,925974,569824,10,518
1432,603825,617663,19,585
1433,811098,608609,7,500
1434,604018,857442,20,941
1435,833660,520291,11,521
1436,948196,703706,20,877
1437,918865,957140,14,791
1438,765774,677094,10,885
1439,847989,583971,7,682
1440,540301,515622,14,667
1441,753481,736687,16,697
1442,991147,897422,18,818
1443,646716,689101,13,638
1444,934998,827359,16,864
1445,912533,891251,20,762
1446,837977,991760,15,816
1447,595049,961167,14,865
1448,563205,714526,18,967
1449,563501,923765,12,999
1450,589867,557310,11,807
1451,607951,894741,18,608
1452,631710,808574,15,846
1453,923447,671886,8,555
1454,553085,953407,13,630
1455,776066,500322,13,865
1456,742452,886506,10,765
1457,798246,771114,7,960
1458,935173,584490,7,709
1459,908687,744442,18,912
1460,673136,738751,15,562
1461,714081,876281,5,808
1462,678540,782864,9,981
1463,882731,758699,19,522
1464,874100,600617,18,944
1465,888768,652901,16,527
1466,608033,513685,15,867
1467,628535,787757,5,849
1468,585080,724518,18,909
1469,705549,572693,20,754
1470,514102,554127,8,989
1471,607812,796630,5,992
1472,543594,539012,10,652
1473,998244,969747,12,891
1474,764615,553024,9,836
1475,600979,716975,16,879
1476,738202,925023,16,750
1477,850615,777601,15,975
1478,563311,871363,14,745
1479,707780,905199,11,691
1480,834277,730528,9,921
1481,948353,572578,16,786
1482,594170,786620,19,742
1483,724414,792293,9,748
1484,609629,834315,6,837
1485,617947,538127,16,848
1486,879163,620797,15,843
1487,885959,624352,17,650
1488,850625,754145,11,729
1489,930850,525494,15,842
1490,633026,724241,9,547
1491,654609,948660,15,594
1492,929144,775934,13,916
1493,621278,635966,18,629
1494,860794,901169,7,569
1495,983105,888690,13,692
1496,943567,545507,16,822
1497,966079,935406,8,505
1498,779737,953365,10,619
1499,645493,631179,19,686
1500,522271,967784,15,701
1501,630320,824961,10,962
1502,534017,718564,7,815
1503,588212,628263,7,619
1504,852299,812163,10,594
1505,741163,718315,5,782
1506,522597,735861,5,828
1507,699455,536181,13,599
1508,947544,756694,18,949
1509,805837,643379,5,524
1510,675914,511558,9,708
1511,699708,851721,20,540
1512,702717,815645,10,781
1513,724752,992575,18,509
1514,832242,900560,15,891
1515,929584,695635,18,766
1516,826065,731069,14,622
1517,741978,731019,18,980
1518,665679,644376,9,733
1519,591064,801619,16,781
1520,624222,963477,15,992
1521,750283,818140,15,679
1522,993844,814290,10,893
1523,638087,909274,10,742
1524,701788,876925,17,526
1525,716759,658638,19,587
1526,803515,670861,9,921
1527,992379,634080,18,611
1528,580575,877613,13,760
1529,874964,717449,15,568
1530,538819,982506,11,583
1531,611262,609827,6,544
1532,949370,516006,5,922
1533,603923,519954,20,537
1534,552093,873384,19,594
1535,594923,987967,20,945
1536,994821,532127,16,552
1537,712618,826674,13,695
1538,553973,737029,7,787
1539,828161,964192,8,562
1540,766797,763857,16,912
1541,948597,775075,17,733
1542,569305,586428,20,559
1543,686650,508743,20,886
1544,965719,909450,15,976
1545,543691,870517,7,861
1546,834745,553207,20,883
1547,906520,785003,15,631
1548,943420,935724,8,962
1549,516589,943352,14,685
1550,967525,898816,17,685
1551,551018,778142,13,597
1552,899910,590187,11,875
1553,651362,858698,20,646
1554,861423,647506,6,950
1555,671580,831952,16,783
1556,937368,818336,8,526
1557,580017,747888,8,762
1558,537418,917124,6,668
1559,768112,926885,17,769
1560,593584,984516,6,994
1561,954731,697546,18,657
1562,515874,883624,8,882
1563,951708,782401,9,707
1564,956494,918389,6,713
1565,795664,798107,14,686
1566,647281,523766,12,971
1567,573416,599563,7,644
1568,648492,859190,15,691
1569,936139,737697,18,717
1570,816914,848640,6,848
1571,658089,689819,15,570
1572,650155,560098,14,539
1573,926455,959973,11,784
1574,546229,947365,10,678
1575,893597,843903,9,842
1576,500345,647933,6,750
1577,843621,548958,8,949
1578,778433,567323,16,898
1579,651753,852745,20,554
1580,791393,808728,6,602
1581,572568,885376,7,595
1582,898674,951951,5,587
1583,613473,926998,18,926
1584,535005,630376,13,738
1585,901911,689452,14,841
1586,658242,935181,10,996
1587,823070,539166,16,672
1588,919154,874357,12,966
1589,703343,512469,14,528
1590,622847,900726,17,670
1591,823684,925636,18,578
1592,901497,936702,8,963
1593,969014,890605,13,836
1594,991947,913398,5,782
1595,643329,688547,19,743
1596,820063,639377,8,641
1597,872958,862991,15,911
1598,778519,951406,14,767
1599,707299,921994,12,894
1600,586357,712455,19,875
1601,560471,747700,7,718
1602,987345,862868,17,943
1603,943763,937425,10,533
1604,639963,720616,20,684
1605,642070,636367,5,871
1606,553611,701375,15,759
1607,683740,645347,6,978
1608,750219,744397,10,831
1609,901349,599165,17,551
1610,612128,653881,15,683
1611,583708,680920,17,782
1612,899776,764781,17,862
1613,934664,847890,20,906
1614,802402,938142,10,668
1615,803906,840050,14,548
1616,821785,987696,20,792
1617,797598,506895,6,532
1618,876234,503348,16,932
1619,557907,824155,6,998
1620,983029,581908,19,696
1621,695693,901263,18,549
1622,593545,580361,17,957
1623,811311,956723,18,584
1624,990105,698488,11,957
1625,798757,699575,8,657
1626,633436,991817,14,540
1627,885894,974206,8,944
1628,777834,802991,17,959
1629,620572,523018,12,553
1630,655051,541474,12,944
1631,937424,634136,14,654
1632,586094,540223,10,673
1633,883631,727007,9,787
1634,707894,592298,19,623
1635,904644,921504,13,864
1636,808618,858042,5,758
1637,505866,574369,11,677
1638,985838,739649,20,527
1639,833468,508909,12,613
1640,985916,517979,10,852
1641,772669,617640,19,804
1642,873667,661870,7,925
1643,766591,533747,19,700
1644,933880,560302,13,756
1645,987350,656962,19,874
1646,864127,521648,17,683
1647,658948,568845,12,592
1648,570230,801166,14,928
1649,725462,648904,13,728
1650,838906,970087,9,828
1651,856240,964592,17,586
1652,723480,766199,6,559
1653,799867,618083,13,982
1654,813484,796729,18,949
1655,560401,822577,18,874
1656,703513,693796,6,559
1657,758937,807432,9,659
1658,816103,950549,18,945
1659,940490,803564,17,779
1660,660527,632697,7,963
1661,763434,603136,19,693
1662,985855,952779,19,623
1663,679003,998112,17,750
1664,758798,716289,20,712
1665,994315,951392,16,867
1666,687915,562558,12,786
1667,759638,544019,20,596
1668,814655,987565,9,846
1669,666571,628626,13,638
1670,985842,718913,11,955
1671,790767,952474,15,994
1672,623340,990274,18,924
1673,741177,677371,10,571
1674,780937,609906,18,518
1675,532188,553963,16,658
1676,689725,921534,15,591
1677,714801,640250,7,582
1678,766302,746193,6,565
1679,924766,989478,11,621
1680,855668,867453,9,956
1681,730403,998208,17,929
1682,781010,650637,7,554
1683,509998,957991,15,665
1684,828860,864660,20,854
1685,524009,900062,14,863
1686,700322,864122,17,832
1687,538575,536126,18,977
1688,525255,903946,16,567
1689,669180,760718,6,815
1690,775485,690415,15,951
1691,834246,580782,10,637
1692,801893,737523,15,774
1693,743484,738063,19,737
1694,914116,871246,17,671
1695,603508,529061,11,752
1696,509146,677582,14,587
1697,856243,860046,5,946
1698,791894,706220,18,995
1699,906337,776142,9,546
1700,549160,609922,14,654
1701,680738,518903,15,632
1702,647174,656767,7,618
1703,501987,998793,7,545
1704,902934,539123,12,963
1705,811246,721753,10,920
1706,877719,958873,10,748
1707,621035,688995,10,780
1708,992887,560638,6,661
1709,505504,584156,5,886
1710,596293,547221,17,520
1711,586782,680565,8,764
1712,853832,808915,6,659
1713,660641,683172,11,716
1714,529522,861464,6,746
1715,763756,961047,5,746
1716,916860,531176,18,748
1717,807225,519180,13,801
1718,718597,623420,12,599
1719,517490,623158,14,933
1720,615608,868992,5,831
1721,554748,776766,20,821
1722,730377,911352,7,683
1723,803403,827263,9,617
1724,510217,765826,16,711
1725,982721,532088,10,552
1726,943370,626562,17,731
1727,627990,778325,8,864
1728,994590,911991,17,506
1729,969779,715779,16,964
1730,904206,509155,6,758
1731,771568,819824,16,533
1732,752017,796878,6,743
1733,519583,975604,14,733
1734,932644,684132,10,740
1735,820323,750726,15,677
1736,816404,976167,11,581
1737,513151,985101,5,943
1738,669746,663389,15,742
1739,985940,686344,15,640
1740,878150,596627,19,632
1741,529672,511949,8,500
1742,849241,794214,6,850
1743,875024,562926,18,600
1744,686193,608935,12,878
1745,678086,832686,11,694
1746,753852,748478,12,798
1747,632202,965413,12,629
1748,736695,662649,5,701
1749,595237,837385,15,891
1750,766384,549180,7,643
1751,541928,950867,19,530
1752,927121,594022,6,679
1753,932587,821572,12,795
1754,858294,628232,8,608
1755,835356,505576,7,595
1756,629827,823308,14,882
1757,778040,619681,8,829
1758,970020,691343,11,961
1759,557925,979183,19,617
1760,760946,830363,13,705
1761,749592,963421,15,698
1762,863871,651195,6,814
1763,789749,748736,13,726
1764,857189,811116,19,861
1765,788155,621358,14,975
1766,634879,635578,17,977
1767,769449,657122,20,858
1768,660924,738581,15,512
1769,891326,643416,13,898
1770,778326,660615,13,777
1771,817917,923597,12,931
1772,598723,894470,15,893
1773,539139,752586,8,925
1774,919722,832801,18,659
1775,679887,771596,20,711
1776,749272,956780,9,590
1777,730574,966588,18,1000
1778,892006,867157,9,840
1779,705116,719614,16,951
1780,736731,713657,15,663
1781,781968,642944,14,633
1782,590906,770116,10,894
1783,870391,553106,15,969
1784,979968,952713,5,588
1785,866905,689328,7,722
1786,934458,907715,13,666
1787,652293,719383,11,937
1788,560678,576849,20,849
1789,774777,827898,13,611
1790,586294,584566,10,673
1791,502999,894549,16,887
1792,596997,863245,18,918
1793,799986,887358,14,898
1794,956290,714543,14,999
1795,634503,597559,13,614
1796,663987,994928,20,561
1797,820779,802776,19,976
1798,778227,936310,18,788
1799,579888,841878,11,555
1800,884052,954494,15,703
1801,686494,933572,15,962
1802,700953,826025,9,673
1803,691237,626580,16,851
1804,969497,821034,14,553
1805,813800,802386,16,710
1806,941557,741970,13,766
1807,976764,774238,16,647
1808,550574,630299,17,552
1809,844340,820947,9,529
1810,734217,704653,5,770
1811,892463,756510,8,887
1812,997297,760382,16,535
1813,953686,623360,11,580
1814,802483,751168,18,869
1815,663787,607528,8,793
1816,665864,942280,17,976
1817,641262,733776,17,982
1818,703664,766402,9,583
1819,815687,901499,14,671
1820,536245,680769,15,916
1821,598007,800146,15,938
1822,661964,964563,9,968
1823,577540,637064,8,786
1824,701464,536043,11,500
1825,710450,658146,18,733
1826,832260,672173,13,873
1827,999605,893169,15,555
1828,843079,824957,8,887
1829,670160,864579,6,674
1830,629311,961828,11,596
1831,523464,848584,18,937
1832,827002,957190,20,508
1833,596102,563813,13,765
1834,760205,700812,12,963
1835,878789,791752,7,559
1836,583759,767913,20,508
1837,756057,744307,11,770
1838,723848,750658,20,607
1839,755195,996645,12,933
1840,646742,633742,19,634
1841,835294,807061,14,776
1842,741090,915256,11,500
1843,639852,948399,11,821
1844,607662,700831,20,547
1845,853050,964878,13,903
1846,989729,816345,19,667
1847,532659,677701,20,695
1848,911091,995909,13,776
1849,799537,708001,11,989
1850,726066,569928,15,995
1851,918427,825050,18,797
1852,756429,876915,7,527
1853,701191,918778,9,885
1854,886994,747598,17,899
1855,708253,627746,16,587
1856,562060,985351,11,939
1857,504844,835989,12,904
1858,919769,517010,5,816
1859,835001,573930,15,843
1860,577120,904577,14,951
1861,866957,988438,20,516
1862,501467,785922,5,527
1863,643327,565319,12,659
1864,815983,939572,5,988
1865,919063,537212,18,978
1866,874552,694197,13,569
1867,658455,609686,9,641
1868,735029,626776,7,746
1869,655639,625678,16,902
1870,563323,504941,9,646
1871,738708,537236,18,974
1872,977227,947468,9,644
1873,581204,730637,20,881
1874,572962,931314,9,704
1875,577361,855758,8,639
1876,914649,851527,11,995
1877,875327,707516,11,520
1878,582213,558271,17,711
1879,629644,852603,5,959
1880,920238,518582,7,895
1881,964014,824029,9,797
1882,990412,815413,8,992
1883,583816,825936,9,650
1884,754562,985742,8,752
1885,873723,514132,13,567
1886,615585,579171,7,653
1887,984827,711154,18,734
1888,766134,620800,5,870
1889,805534,618385,8,678
1890,552501,568577,9,885
1891,787178,720726,16,932
1892,702664,803854,13,786
1893,691675,504974,18,633
1894,805595,897654,14,949
1895,808308,646906,17,786
1896,581342,587770,6,938
1897,659114,817277,17,793
1898,757686,913459,5,836
1899,988875,587467,16,705
1900,637835,608412,11,844
1901,931456,897852,16,948
1902,895141,953551,13,552
1903,663318,701929,14,932
1904,689533,703949,7,730
1905,850696,770362,19,531
1906,730674,912369,14,797
1907,613475,557011,20,680
1908,888952,987409,10,624
1909,605474,879281,20,856
1910,626910,752838,5,884
1911,693583,656227,9,642
1912,929940,927760,9,549
1913,651169,511209,14,901
1914,802738,557389,20,897
1915,840422,756517,7,590
1916,612635,606123,16,524
1917,751965,802725,13,805
1918,546492,698830,5,810
1919,749656,810769,10,713
1920,918030,629972,12,619
1921,663374,927936,11,536
1922,988072,576077,16,569
1923,602561,876521,7,678
1924,578514,742139,12,662
1925,965125,501992,12,678
1926,803773,943064,17,817
1927,976054,624195,7,603
1928,745256,892774,16,691
1929,960089,645366,6,551
1930,533696,743151,19,881
1931,902520,896558,5,954
1932,895024,599422,9,975
1933,703721,821564,18,680
1934,504989,715279,16,665
1935,847742,570388,20,731
1936,914528,544423,17,793
1937,676343,505939,5,715
1938,525920,648635,7,733
1939,936325,812903,9,661
1940,701812,562116,6,819
1941,880929,569766,17,764
1942,941101,717069,8,687
1943,602108,824157,19,799
1944,758477,864714,9,911
1945,674997,803093,6,546
1946,767637,868120,10,532
1947,851581,667717,20,861
1948,515381,678746,5,591
1949,879310,977439,10,518
1950,704294,845086,5,822
1951,740253,512693,6,798
1952,742479,907013,14,758
1953,867821,870445,20,505
1954,570227,636921,10,832
1955,756541,739018,15,985
1956,900172,825082,7,509
1957,815801,757895,6,953
1958,956423,500724,13,629
1959,619527,668977,12,833
1960,826663,601371,5,884
1961,653047,672695,13,749
1962,781150,723495,9,720
1963,817203,925032,7,980
1964,547533,673213,11,566
1965,831387,624268,13,582
1966,843758,800348,16,661
1967,837186,525880,18,723
1968,516701,679799,8,659
1969,504262,665954,7,715
1970,854014,798623,7,588
1971,649121,683932,10,788
1972,998210,618582,11,754
1973,685991,600925,14,529
1974,752384,503161,6,862
1975,598844,952291,8,683
1976,791379,860669,13,726
1977,883893,804045,7,779
1978,752641,651057,8,941
1979,969155,514861,19,885
1980,966772,974019,13,754
1981,569384,942880,12,972
1982,869419,906770,6,761
1983,537489,707753,12,932
1984,797621,505768,8,938
1985,502152,765468,11,662
1986,721043,887937,12,679
1987,647732,982047,19,639
1988,713786,631561,5,883
1989,555392,753990,20,759
1990,580308,985399,8,910
1991,817942,795065,10,741
1992,997888,786967,6,813
1993,907242,769451,6,954
1994,736448,894545,6,872
1995,741415,755568,7,636
1996,951655,940969,15,675
1997,723965,747548,17,730
1998,912052,778098,8,816
1999,739883,706543,20,904
2000,704373,660970,14,878
2001,860975,799885,17,694
2002,518408,786380,13,631
2003,501241,529839,5,593
2004,823302,901759,8,883
2005,803366,850991,15,874
2006,750864,838324,20,554
2007,573328,770152,12,834
2008,852512,783368,7,591
2009,951499,723732,11,840
2010,780292,905359,13,550
2011,872435,605804,13,586
2012,991897,519599,13,956
2013,912187,846912,17,717
2014,603082,947287,13,911
2015,540026,620363,6,962
2016,775775,936705,7,955
2017,715140,892530,18,614
2018,991913,944353,7,936
2019,650608,585092,18,713
2020,689902,633251,6,725
2021,696724,884544,16,975
2022,934562,640617,13,698
2023,732218,973865,19,598
2024,970460,564349,15,574
2025,986247,598560,8,538
2026,836963,935254,16,843
2027,759657,933880,14,515
2028,958158,806129,8,522
2029,837706,880399,14,663
2030,865496,642864,17,535
2031,620428,949584,20,782
2032,570433,629417,19,593
2033,660986,731579,20,605
2034,759494,712582,13,955
2035,663174,552294,13,880
2036,622468,566312,18,994
2037,723165,642328,14,973
2038,965464,884751,7,544
2039,827377,568665,17,699
2040,673685,853580,17,592
2041,796098,522117,13,564
2042,792363,729200,11,887
2043,923956,818923,6,700
2044,974703,550793,16,983
2045,982863,861736,19,848
2046,565332,890126,13,862
2047,565444,963092,11,678
2048,552733,681958,9,544
2049,506760,562278,20,627
2050,997486,613287,20,826
2051,697592,605096,20,998
2052,721318,836399,18,623
2053,619300,915439,11,779
2054,731202,963661,16,636
2055,544118,546043,16,933
2056,619361,663695,9,892
2057,729697,650233,16,897
2058,983851,510070,14,561
2059,553034,761787,19,676
2060,740616,792631,8,532
2061,874691,600941,11,770
2062,989186,957816,5,645
2063,949717,739592,8,900
2064,640454,969517,12,921
2065,875028,699544,17,601
2066,805349,930381,9,900
2067,607834,884886,10,591
2068,642168,710626,11,662
2069,863993,986829,6,925
2070,790305,822687,12,635
2071,515653,858479,19,524
2072,921887,532326,17,738
2073,628503,924233,7,965
2074,888406,991894,16,672
2075,626273,927485,18,897
2076,804907,672223,18,644
2077,739792,789612,19,622
2078,859019,951967,16,582
2079,688440,958017,19,739
2080,699270,609419,16,837
2081,812962,634018,10,912
2082,592820,760162,8,545
2083,744345,628727,12,743
2084,790571,722366,9,567
2085,994853,598463,9,612
2086,962585,979576,7,611
2087,640080,697643,11,703
2088,804766,795692,6,615
2089,592702,635428,13,541
2090,918522,522666,15,791
2091,697761,872293,19,953
2092,625168,508182,8,573
2093,903036,706111,8,821
2094,656739,860653,6,833
2095,545426,700170,17,733
2096,771722,824684,8,710
2097,502004,871427,9,700
2098,549128,671958,12,536
2099,794568,774699,7,955
2100,850058,637092,8,562
2101,649730,838012,9,899
2102,962718,555797,18,914
2103,875786,544691,6,665
2104,549239,986763,5,522
2105,713117,933749,11,769
2106,853872,542915,6,646
2107,961920,607523,5,862
2108,605579,582630,9,527
2109,960387,950994,15,651
2110,872789,876011,11,681
2111,777948,916471,12,545
2112,682782,785290,8,834
2113,988728,532233,12,823
2114,530025,640015,9,578
2115,517720,994759,19,806
2116,804134,942435,16,788
2117,575519,553224,8,523
2118,547918,989093,20,921
2119,795512,977428,5,634
2120,946425,805080,11,631
2121,908891,863439,20,652
2122,772198,687308,5,677
2123,778101,715500,12,711
2124,770462,712573,5,557
2125,552165,814240,12,590
2126,610612,989369,19,644
2127,604338,911602,20,686
2128,824035,597805,12,897
2129,802020,700673,8,597
2130,573768,538524,9,608
2131,800483,570870,14,901
2132,695743,504220,9,607
2133,542438,595869,9,683
2134,739476,941185,18,693
2135,687391,616392,6,818
2136,910389,754061,5,768
2137,740560,920715,6,561
2138,809801,893897,20,602
2139,560147,598796,16,976
2140,793123,921331,9,685
2141,521861,938317,16,857
2142,951094,998986,12,689
2143,669618,969007,15,534
2144,676813,765990,18,841
2145,806612,981126,10,964
2146,660961,517330,15,921
2147,841163,506811,15,993
2148,624903,770923,11,891
2149,921528,777549,12,882
2150,798747,952986,13,520
2151,828329,856267,6,585
2152,623101,576688,5,669
2153,549746,550986,6,854
2154,862502,923823,18,666
2155,806165,871504,17,668
2156,887088,943561,13,999
2157,515686,688558,12,995
2158,677297,931383,15,563
2159,971244,510529,10,681
2160,753668,840020,5,579
2161,967754,695288,16,689
2162,723154,632286,7,779
2163,653570,500055,11,997
2164,508635,932869,12,607
2165,766209,814408,17,868
2166,538435,605468,16,796
2167,992652,954306,18,859
2168,515357,574665,7,970
2169,744419,955959,20,783
2170,679592,584557,8,681
2171,541781,530191,9,598
2172,913774,842386,17,848
2173,791087,930109,10,580
2174,616017,659378,16,503
2175,875188,839179,5,976
2176,549874,527352,18,646
2177,788418,575162,17,755
2178,598459,923925,11,922
2179,774137,710913,7,523
2180,715330,503038,7,629
2181,615335,784079,9,696
2182,760312,832815,6,548
2183,924020,846582,8,546
2184,778415,843425,10,850
2185,992378,964992,20,525
2186,976626,938665,14,863
2187,524031,704230,14,891
2188,658978,616230,6,774
2189,865629,925496,14,965
2190,748774,650164,15,963
2191,740878,998096,12,886
2192,960707,767508,14,681
2193,913440,968614,6,658
2194,948813,765503,9,921
2195,981964,989293,18,842
2196,931463,797639,5,963
2197,729600,515079,16,667
2198,596727,640881,12,932
2199,774086,797334,7,593
2200,859055,926008,18,932
2201,849373,867480,10,508
2202,828995,786722,10,956
2203,912988,554058,15,635
2204,589171,581917,14,617
2205,687548,735681,8,511
2206,716410,751420,18,808
2207,569509,811366,9,996
2208,538359,537331,6,654
2209,707897,870445,12,908
2210,784086,826966,11,606
2211,752716,839193,13,953
2212,819253,692485,10,845
2213,515360,927712,8,877
2214,540059,748407,20,739
2215,865281,661898,17,893
2216,707843,923594,18,684
2217,785132,546096,13,912
2218,866014,591803,6,633
2219,606738,551940,14,857
2220,549058,702477,5,994
2221,515235,621528,9,975
2222,779775,560256,6,786
2223,659985,526088,13,635
2224,729267,636417,16,943
2225,842069,541243,12,882
2226,729883,802250,17,964
2227,722666,531667,14,643
2228,949226,500617,16,907
2229,729596,936348,7,909
2230,551924,624831,7,655
2231,621288,500931,8,784
2232,744687,600475,5,770
2233,850467,903008,17,791
2234,744430,732345,5,569
2235,886746,756707,11,672
2236,862578,965631,19,619
2237,597102,696273,14,512
2238,750944,650571,11,818
2239,525943,573412,20,806
2240,849353,803559,12,520
2241,786832,777080,14,715
2242,598487,583337,15,541
2243,726334,966765,5,576
2244,560422,656562,20,980
2245,775197,710239,9,796
2246,571073,627216,7,883
2247,603756,702117,17,943
2248,818474,761813,20,761
2249,963659,593310,15,816
2250,902354,979394,17,892
2251,713751,538213,13,796
2252,954412,507486,19,510
2253,572899,677643,17,513
2254,750970,515787,8,789
2255,843792,857926,15,824
2256,510672,632983,14,968
2257,820641,702355,5,704
2258,898203,628130,9,629
2259,971442,924731,14,989
2260,733082,722185,6,764
2261,534552,662032,20,869
2262,853765,749789,18,908
2263,592983,967447,19,839
2264,895760,898236,7,540
2265,525018,835341,10,863
2266,789176,851998,10,867
2267,793253,900752,17,876
2268,896380,716255,8,573
2269,914108,718872,17,586
2270,982593,992761,20,801
2271,613479,541113,5,834
2272,846227,611999,7,962
2273,977744,801215,7,833
2274,556841,659789,15,580
2275,766138,635908,6,864
2276,649420,888209,18,507
2277,699567,900039,18,667
2278,956421,544857,8,919
2279,679510,776481,14,862
2280,988582,604705,19,879
2281,676334,852055,7,566
2282,816507,570190,12,552
2283,975424,722617,15,519
2284,972321,661051,14,644
2285,516710,626769,16,741
2286,592567,560688,19,714
2287,649821,881842,11,973
2288,755002,652600,19,746
2289,957618,730745,17,792
2290,681951,982901,7,650
2291,525615,665295,8,733
2292,824342,978793,20,908
2293,762997,948527,10,644
2294,850445,706742,8,553
2295,938775,938182,10,940
2296,644109,626330,20,899
2297,610994,931697,17,923
2298,826966,648985,8,577
2299,855089,870727,18,711
2300,961749,813006,8,806
2301,980268,964520,7,884
2302,745745,763253,13,961
2303,695330,531985,19,625
2304,833098,812508,14,721
2305,884174,870243,14,804
2306,665037,854671,14,874
2307,583602,938887,6,821
2308,974902,870685,19,654
2309,563261,837327,6,563
2310,965773,677187,13,809
2311,506694,544844,17,694
2312,879308,501514,10,865
2313,570303,899577,17,755
2314,703609,947585,9,845
2315,729041,757191,15,658
2316,927077,534535,13,651
2317,522131,748963,14,882
2318,538437,557515,16,568
2319,713651,702781,17,790
2320,626671,972242,17,649
2321,925066,748542,8,871
2322,656999,599107,9,888
2323,845767,902140,7,525
2324,847828,557144,16,523
2325,876769,518730,6,844
2326,544632,649236,17,690
2327,702871,509494,5,634
2328,666117,991751,7,552
2329,926628,989820,13,588
2330,876893,649828,5,943
2331,634544,555501,5,750
2332,612184,610408,5,935
2333,937138,590699,10,707
2334,678562,746705,19,634
2335,952122,677418,7,879
2336,667775,766337,6,974
2337,903594,952006,5,770
2338,601917,948640,10,509
2339,732564,523367,14,792
2340,756957,739793,20,593
2341,882671,990453,10,588
2342,544908,536522,19,696
2343,618696,512143,18,640
2344,924007,516335,15,919
2345,687782,510442,18,606
2346,570254,586579,14,563
2347,642750,749886,11,686
2348,507014,853492,8,966
2349,887381,758864,8,908
2350,930320,884481,8,702
2351,785375,984200,11,941
2352,720968,738924,19,1000
2353,510412,708728,16,679
2354,705638,705076,13,603
2355,937267,671190,5,611
2356,758762,788346,13,977
2357,652766,585741,20,846
2358,772516,880694,11,817
2359,503653,685670,16,887
2360,818670,511048,13,544
2361,947749,935577,11,876
2362,526531,546147,7,735
2363,763265,591401,15,611
2364,864668,619502,16,880
2365,987319,832641,7,846
2366,874516,886252,13,633
2367,546439,673799,19,961
2368,779465,621805,13,926
2369,608919,524416,9,826
2370,682487,718739,7,851
2371,681143,666131,20,703
2372,905232,734877,11,619
2373,580567,518338,18,767
2374,885983,943472,15,949
2375,551790,977822,6,955
2376,842089,973573,14,728
2377,642004,661972,11,804
2378,858995,944357,16,915
2379,860479,644008,10,683
2380,787394,612021,14,639
2381,783678,517729,15,994
2382,516946,716704,8,938
2383,838256,784467,13,617
2384,704938,632459,6,909
2385,640560,836725,8,766
2386,628278,954489,13,933
2387,894638,525925,19,792
2388,516778,668138,19,558
2389,562127,684178,18,830
2390,556057,953199,18,693
2391,538573,584982,17,774
2392,534622,773781,17,534
2393,746115,801871,15,683
2394,852599,556611,17,712
2395,860824,745906,19,835
2396,621511,601518,11,989
2397,767817,793763,18,814
2398,744948,995465,19,862
2399,756830,525879,8,722
2400,691970,517104,14,897
2401,728760,804297,5,990
2402,784783,588451,11,685
2403,581013,921885,15,945
2404,573110,656870,8,699
2405,928836,925795,18,725
2406,859595,782762,15,879
2407,794844,729859,8,995
